Epochs,Generator Loss,Discriminator Loss
1,0.7867768406867981,0.6820505857467651
2,0.8538504838943481,0.6490726470947266
3,0.9109732508659363,0.6232417225837708
4,0.9358434677124023,0.5992121696472168
5,0.9495749473571777,0.5754297375679016
6,0.9875012636184692,0.5595664381980896
7,1.0105152130126953,0.5388507843017578
8,1.0284864902496338,0.5242990255355835
9,1.006125807762146,0.5072795748710632
10,0.9851779937744141,0.4893098771572113
11,0.9733907580375671,0.4814145565032959
12,0.9995390772819519,0.463712602853775
13,1.037085771560669,0.45656657218933105
14,1.0745452642440796,0.4578075408935547
15,1.1195313930511475,0.4406720697879791
16,1.158144235610962,0.44242197275161743
17,1.2075814008712769,0.42037659883499146
18,1.2559244632720947,0.4147687554359436
19,1.2955706119537354,0.41847196221351624
20,1.332289457321167,0.4088076055049896
21,1.3677656650543213,0.3990269899368286
22,1.4022047519683838,0.39348071813583374
23,1.443584680557251,0.3802870512008667
24,1.481726050376892,0.3811458945274353
25,1.5231921672821045,0.37201017141342163
26,1.5592941045761108,0.36942368745803833
27,1.5959815979003906,0.3654760718345642
28,1.594306230545044,0.3837037980556488
29,1.5833237171173096,0.36742666363716125
30,1.5743463039398193,0.35921281576156616
31,1.5815244913101196,0.3492920398712158
32,1.595720648765564,0.3384482264518738
33,1.6177780628204346,0.33953118324279785
34,1.6222240924835205,0.33892202377319336
35,1.620726227760315,0.3350866734981537
36,1.622281789779663,0.32377761602401733
37,1.6258357763290405,0.3208620250225067
38,1.6155179738998413,0.31755882501602173
39,1.559537649154663,0.30843469500541687
40,1.520077109336853,0.3075025677680969
41,1.4884506464004517,0.2979728579521179
42,1.4482237100601196,0.2839811444282532
43,1.4432151317596436,0.29068079590797424
44,1.441750168800354,0.2818605303764343
45,1.4347617626190186,0.26522010564804077
46,1.4286401271820068,0.26934316754341125
47,1.4196369647979736,0.2582610845565796
48,1.407963514328003,0.25188884139060974
49,1.4003958702087402,0.23970237374305725
50,1.3710030317306519,0.22666101157665253
51,1.339124083518982,0.23479881882667542
52,1.327074646949768,0.23454976081848145
53,1.321718692779541,0.2289256751537323
54,1.3133577108383179,0.20312824845314026
55,1.276701807975769,0.19057932496070862
56,1.2589757442474365,0.19109538197517395
57,1.2408888339996338,0.1861080825328827
58,1.225807547569275,0.19071537256240845
59,1.2286479473114014,0.19187024235725403
60,1.2180986404418945,0.17236919701099396
61,1.1982731819152832,0.15692605078220367
62,1.1465333700180054,0.16338682174682617
63,1.1088355779647827,0.14881661534309387
64,1.0894421339035034,0.13839061558246613
65,1.0261715650558472,0.13511896133422852
66,0.989518940448761,0.14739365875720978
67,0.9651550054550171,0.1381443291902542
68,0.9552550315856934,0.13700899481773376
69,0.9253214597702026,0.10853739082813263
70,0.8856633901596069,0.11182767152786255
71,0.8609619140625,0.12462668120861053
72,0.8860319256782532,0.10485074669122696
73,0.9027978181838989,0.11365072429180145
74,0.8975914716720581,0.10050676763057709
75,0.8393968343734741,0.10446944087743759
76,0.9409554600715637,0.08205815404653549
77,0.9202683568000793,0.09131492674350739
78,0.9336286783218384,0.0898929089307785
79,0.9101710319519043,0.07752633094787598
80,0.8488987684249878,0.06939814984798431
81,0.8645760416984558,0.07940111309289932
82,0.8540169596672058,0.06699499487876892
83,0.9373139142990112,0.06903209537267685
84,1.0102767944335938,0.0728812962770462
85,0.9964081645011902,0.05872257798910141
86,1.0535612106323242,0.0617222897708416
87,0.9620562791824341,0.054094403982162476
88,0.9970771670341492,0.04396066069602966
89,0.8840204477310181,0.05405963584780693
90,0.8831607699394226,0.055380336940288544
91,0.9386578798294067,0.04299386590719223
92,0.965990424156189,0.04114896059036255
93,1.0538021326065063,0.051588840782642365
94,1.0553462505340576,0.045155614614486694
95,1.122188925743103,0.04048321396112442
96,1.1641666889190674,0.03923637419939041
97,1.1785932779312134,0.043719325214624405
98,1.2491750717163086,0.032298408448696136
99,1.2846174240112305,0.03344929963350296
100,1.2798105478286743,0.034729838371276855
101,1.305766224861145,0.0303944144397974
102,1.2548779249191284,0.024273458868265152
103,1.1492809057235718,0.03105795383453369
104,0.14925192296504974,0.02383994683623314
105,0.050432056188583374,0.03042907454073429
106,0.031739212572574615,0.03398674726486206
107,0.042789287865161896,0.028377827256917953
108,0.04634718969464302,0.028927002102136612
109,0.042672671377658844,0.02752355858683586
110,0.026233475655317307,0.02659112587571144
111,0.007965941913425922,0.02719828486442566
112,0.002695772098377347,0.0278366357088089
113,0.0020673624239861965,0.025251900777220726
114,0.00217875256203115,0.025949180126190186
115,0.0024408046156167984,0.021408315747976303
116,0.0030255443416535854,0.024232570081949234
117,0.003476618556305766,0.0238934475928545
118,0.003525585401803255,0.02051822654902935
119,0.0035247541964054108,0.021471425890922546
120,0.0038734227418899536,0.020510563626885414
121,0.0038512672763317823,0.02009575441479683
122,0.0042767091654241085,0.01991180144250393
123,0.004309644922614098,0.01548359077423811
124,0.004753203131258488,0.019160311669111252
125,0.0035286496859043837,0.01690099574625492
126,0.004350850824266672,0.01480195950716734
127,0.004336266778409481,0.015379594638943672
128,0.004439034499228001,0.01697816327214241
129,0.0039722612127661705,0.016110185533761978
130,0.004223373252898455,0.01645965687930584
131,0.0039513749070465565,0.013211289420723915
132,0.004366548266261816,0.014963055029511452
133,0.004104008432477713,0.015104850754141808
134,0.003977571148425341,0.013463884592056274
135,0.004081196151673794,0.012652469798922539
136,0.004358923994004726,0.0120043670758605
137,0.0049185981042683125,0.012486296705901623
138,0.004614413715898991,0.012492735870182514
139,0.004211478866636753,0.011570528149604797
140,0.004255650565028191,0.010872887447476387
141,0.0048159826546907425,0.010903887450695038
142,0.004773168358951807,0.009895884431898594
143,0.00471083540469408,0.011018303222954273
144,0.0043659573420882225,0.011503927409648895
145,0.004554857034236193,0.009553613141179085
146,0.005015204194933176,0.008410677313804626
147,0.0048595936968922615,0.009718133136630058
148,0.0046370262280106544,0.008543474599719048
149,0.005358378868550062,0.010920851491391659
150,0.005278519354760647,0.008848262950778008
151,0.005010481923818588,0.00947447307407856
152,0.005415430758148432,0.008399593643844128
153,0.005610049236565828,0.008675675839185715
154,0.006047447212040424,0.008147834800183773
155,0.006212689448148012,0.007996240630745888
156,0.0062113478779792786,0.007064846344292164
157,0.005856347735971212,0.008166439831256866
158,0.005860564298927784,0.007089747581630945
159,0.005936474073678255,0.008237389847636223
160,0.0061364020220935345,0.006858082953840494
161,0.006641976535320282,0.008279576897621155
162,0.006010863929986954,0.006660123355686665
163,0.006435398943722248,0.006746800150722265
164,0.006802429910749197,0.007569252047687769
165,0.0067061507143080235,0.007496724836528301
166,0.006523102521896362,0.006045493297278881
167,0.006434369832277298,0.005483425222337246
168,0.0065629733726382256,0.0069460198283195496
169,0.007224686443805695,0.0060781738720834255
170,0.0069864788092672825,0.005812949500977993
171,0.007060264237225056,0.006570870988070965
172,0.00796458125114441,0.007071478758007288
173,0.008213570341467857,0.005915341433137655
174,0.00827794149518013,0.005744508467614651
175,0.009915469214320183,0.005198079161345959
176,0.00976056419312954,0.005715503823012114
177,0.009367084130644798,0.0061111897230148315
178,0.00989779457449913,0.006041680462658405
179,0.01097685657441616,0.0053988234139978886
180,0.011138091795146465,0.005935010965913534
181,0.011713311076164246,0.0057890648022294044
182,0.013454806990921497,0.006090893875807524
183,0.01312970370054245,0.00594110693782568
184,0.013662049546837807,0.004693277645856142
185,0.014944754540920258,0.0055124638602137566
186,0.01427246630191803,0.005481322295963764
187,0.014706568792462349,0.004958068020641804
188,0.014814989641308784,0.003915614448487759
189,0.014857565984129906,0.004038965795189142
190,0.015187522396445274,0.004727625288069248
191,0.014845971949398518,0.004931337665766478
192,0.015901504084467888,0.005092496518045664
193,0.015908440575003624,0.0046678632497787476
194,0.016574926674365997,0.004730678163468838
195,0.01631571352481842,0.004195787012577057
196,0.017464179545640945,0.004856179468333721
197,0.017979662865400314,0.004532474558800459
198,0.01777942106127739,0.004517293069511652
199,0.017447523772716522,0.004526806063950062
200,0.017752069979906082,0.004352123476564884
201,0.016605935990810394,0.004064795561134815
202,0.01804632507264614,0.0039535751566290855
203,0.015462284907698631,0.003977297805249691
204,0.015984471887350082,0.00419809203594923
205,0.012997692450881004,0.003875961061567068
206,0.011235332116484642,0.004304449073970318
207,0.008454348891973495,0.003858140204101801
208,0.005214201286435127,0.003750918433070183
209,0.0031108518596738577,0.003850828856229782
210,0.001392796402797103,0.004193294793367386
211,0.0007140426896512508,0.0040743607096374035
212,0.00043650815496221185,0.003638514084741473
213,0.0004058977065142244,0.004236808978021145
214,0.00036330276634544134,0.004212965723127127
215,0.00038975258939899504,0.00500909611582756
216,0.0003093281702604145,0.004642551299184561
217,0.00031156925251707435,0.005672302097082138
218,0.0003762230626307428,0.0057630338706076145
219,0.0003839022829197347,0.005847928114235401
220,0.0003961703332606703,0.00430672150105238
221,0.00045728933764621615,0.003969536628574133
222,0.00043728837044909596,0.004594802390784025
223,0.0004661048296838999,0.005233791656792164
224,0.0005413040053099394,0.0037699700333178043
225,0.0005190199008211493,0.0050114355981349945
226,0.0005679698078893125,0.004134901333600283
227,0.0006707945140078664,0.0040958658792078495
228,0.0005557166878134012,0.004358239937573671
229,0.0005740906344726682,0.005768568720668554
230,0.0007239689584821463,0.005630517844110727
231,0.000917583703994751,0.005139807239174843
232,0.0008913602796383202,0.004262547008693218
233,0.001124064321629703,0.004632336087524891
234,0.0010088409762829542,0.005213500466197729
235,0.0009961096802726388,0.004078984726220369
236,0.0011682517360895872,0.0048933690413832664
237,0.00118404405657202,0.003926828037947416
238,0.0015937136486172676,0.005559126380831003
239,0.0018218227196484804,0.005173720419406891
240,0.0017071882029995322,0.005275646690279245
241,0.0019119090866297483,0.005479852668941021
242,0.001980186440050602,0.004690640605986118
243,0.002185907680541277,0.005861682817339897
244,0.0021816124208271503,0.004824054893106222
245,0.0028800559230148792,0.004593477584421635
246,0.0026706806384027004,0.00530407577753067
247,0.0035895523615181446,0.005048708524554968
248,0.0032100696116685867,0.004161791410297155
249,0.0038534626364707947,0.004661047365516424
250,0.0038121554534882307,0.004915097262710333
251,0.004441115073859692,0.005371391773223877
252,0.004797869361937046,0.004622241482138634
253,0.005258361808955669,0.00461113266646862
254,0.005338579416275024,0.005131642334163189
255,0.005632628686726093,0.005031455308198929
256,0.005984868388622999,0.005728298798203468
257,0.007029116153717041,0.00437330175191164
258,0.00694853812456131,0.004324310924857855
259,0.007729261182248592,0.004015500657260418
260,0.009297196753323078,0.004435517825186253
261,0.008403390645980835,0.00409034313634038
262,0.009139022789895535,0.0051242755725979805
263,0.010151516646146774,0.0045553045347332954
264,0.010770110413432121,0.0038944450207054615
265,0.01201542653143406,0.005009146872907877
266,0.012616666033864021,0.0044811493717134
267,0.013486003503203392,0.0045952266082167625
268,0.01579124666750431,0.004442677833139896
269,0.01699022948741913,0.004137343727052212
270,0.017296047881245613,0.004224828444421291
271,0.01916687563061714,0.004019825719296932
272,0.020400073379278183,0.004280156921595335
273,0.020497146993875504,0.004380334168672562
274,0.023093732073903084,0.004406324587762356
275,0.025341082364320755,0.005144469905644655
276,0.02907763049006462,0.004438260104507208
277,0.03008635714650154,0.0049303495325148106
278,0.032650791108608246,0.0037753754295408726
279,0.03525451570749283,0.004633103497326374
280,0.04488727077841759,0.004662196151912212
281,0.06432771682739258,0.006047142669558525
282,0.09571447223424911,0.004114966839551926
283,0.09671232849359512,0.0038961234968155622
284,0.10458548367023468,0.003446573857218027
285,0.13876095414161682,0.00490438099950552
286,0.22963425517082214,0.00943843275308609
287,8.493220329284668,0.001974366372451186
288,7.881858825683594,0.0019353131065145135
289,13.946439743041992,0.0016707805916666985
290,12.019869804382324,0.0015741821844130754
291,9.788690567016602,0.0015113711124286056
292,6.320915222167969,0.0015147519297897816
293,5.175187587738037,0.0034651807509362698
294,4.448568344116211,0.0025652144104242325
295,4.429446220397949,0.006036890204995871
296,4.748734474182129,0.0031819939613342285
297,3.708714246749878,0.0027060953434556723
298,3.768267869949341,0.0035084462724626064
299,3.6572718620300293,0.005648849066346884
300,3.8447041511535645,0.006206761579960585
301,3.8476295471191406,0.004356875084340572
302,3.726608991622925,0.0029582001734524965
303,3.7632973194122314,0.0028521630447357893
304,3.613607883453369,0.0035239667631685734
305,3.6516239643096924,0.00379555718973279
306,3.317728042602539,0.010948913171887398
307,3.813765048980713,0.027849936857819557
308,3.6784415245056152,0.016652880236506462
309,3.5574028491973877,0.013578200712800026
310,4.32084846496582,0.07167743146419525
311,4.281857013702393,0.03450030833482742
312,4.579712867736816,0.017996538430452347
313,5.1161723136901855,0.006627266760915518
314,5.1433258056640625,0.008436725474894047
315,5.001152992248535,0.018587075173854828
316,4.8278279304504395,0.010880542919039726
317,4.341436386108398,0.0122230751439929
318,4.067674160003662,0.02973318099975586
319,4.731198310852051,0.09405993670225143
320,4.698285102844238,0.179467111825943
321,4.735048770904541,0.16994373500347137
322,4.896527290344238,0.06818518787622452
323,4.662508964538574,0.2424243986606598
324,5.173346042633057,0.16764189302921295
325,5.094050407409668,0.15758101642131805
326,7.5549635887146,0.17065837979316711
327,9.938545227050781,0.08811378479003906
328,9.288259506225586,0.041044048964977264
329,7.78790283203125,0.037589967250823975
330,6.492417335510254,0.04137399047613144
331,5.839010238647461,0.020383324474096298
332,5.471664905548096,0.022127831354737282
333,5.650635242462158,0.011281553655862808
334,5.831984043121338,0.056139640510082245
335,4.3371782302856445,0.04174504429101944
336,4.619757175445557,0.02749875746667385
337,5.750363826751709,0.10206007957458496
338,4.35839319229126,0.11457665264606476
339,4.797471046447754,0.04209461063146591
340,7.251036167144775,0.026188697665929794
341,5.213109016418457,0.10574479401111603
342,6.614378452301025,0.021134741604328156
343,5.935580730438232,0.03606829047203064
344,4.787184238433838,0.07930310070514679
345,5.187594890594482,0.033349089324474335
346,5.017032623291016,0.011319836601614952
347,4.9779863357543945,0.045377738773822784
348,5.4189653396606445,0.04835418611764908
349,4.443557262420654,0.26590049266815186
350,4.902198791503906,0.04164101928472519
351,4.743748188018799,0.1062028631567955
352,4.533566474914551,0.13852755725383759
353,3.4769930839538574,0.03368837758898735
354,4.030825138092041,0.10090124607086182
355,4.144997596740723,0.24046039581298828
356,4.77748966217041,0.3313143253326416
357,4.786557674407959,0.08018681406974792
358,4.329388618469238,0.35444730520248413
359,3.8203041553497314,0.3153764605522156
360,5.317505836486816,0.5224555730819702
361,3.77006459236145,0.09591460973024368
362,4.695265769958496,0.06346933543682098
363,5.021187782287598,0.2368481606245041
364,5.641200065612793,0.07328133285045624
365,3.396925687789917,0.07104966044425964
366,3.4679951667785645,0.11720328032970428
367,3.165647268295288,0.3344731330871582
368,4.137507438659668,0.14291265606880188
369,2.1302273273468018,0.2293851375579834
370,2.422482490539551,0.3757590651512146
371,1.687015175819397,0.34337764978408813
372,1.289803147315979,0.38269227743148804
373,1.0339505672454834,0.38013774156570435
374,1.2934383153915405,0.5813928842544556
375,0.7729110717773438,0.5067395567893982
376,0.6854580640792847,0.6020868420600891
377,0.7070592045783997,0.44533243775367737
378,0.6727591156959534,0.801080584526062
379,0.716300368309021,0.6274591684341431
380,0.9728274345397949,0.6995497345924377
381,1.2969001531600952,0.7051373720169067
382,1.4138922691345215,0.7252008318901062
383,1.3704118728637695,0.8523667454719543
384,1.7189029455184937,0.7827750444412231
385,1.5829660892486572,0.8261560201644897
386,2.0516457557678223,0.7037732005119324
387,2.4402501583099365,0.8156664967536926
388,1.744765043258667,0.7667783498764038
389,1.4486315250396729,0.7597847580909729
390,1.5878547430038452,0.6901475787162781
391,1.6339519023895264,0.7653030753135681
392,1.0733810663223267,0.7120005488395691
393,0.9856203198432922,0.8156164288520813
394,0.2935969829559326,0.7778835892677307
395,0.22431084513664246,0.7315219640731812
396,0.13016042113304138,0.8201237916946411
397,0.11762215942144394,0.7190020680427551
398,0.16501256823539734,0.7301349639892578
399,0.1190079003572464,0.7249491214752197
400,0.10937023162841797,0.7845281362533569
401,0.08619434386491776,0.6532836556434631
402,0.06767848879098892,0.7460348010063171
403,0.09224922955036163,0.6554561853408813
404,0.08482857793569565,0.6250755786895752
405,0.09493051469326019,0.7022598385810852
406,0.08351454138755798,0.652969241142273
407,0.08614257723093033,0.6253656148910522
408,0.09848110377788544,0.5928646922111511
409,0.05063944309949875,0.6816366910934448
410,0.026132335886359215,0.6098120212554932
411,0.041052959859371185,0.66614830493927
412,0.03348772972822189,0.5957142114639282
413,0.06798136234283447,0.6319018602371216
414,0.13114508986473083,0.5490199327468872
415,0.12032122910022736,0.5687704682350159
416,0.11169352382421494,0.5134618878364563
417,0.08359114825725555,0.6641930937767029
418,0.06050746887922287,0.581417441368103
419,0.04524989053606987,0.598863959312439
420,0.09762058407068253,0.7952648401260376
421,0.11798987537622452,0.6591498851776123
422,0.09743858873844147,0.6433994174003601
423,0.05247015878558159,0.5813355445861816
424,0.059199947863817215,0.5783995985984802
425,0.128687784075737,0.6971832513809204
426,0.13090530037879944,0.5716871023178101
427,0.11025254428386688,0.5076218843460083
428,0.12306199222803116,0.6126273274421692
429,0.09174229204654694,0.6271485090255737
430,0.0929584875702858,0.5137521624565125
431,0.09110213816165924,0.5542807579040527
432,0.1230597123503685,0.512755811214447
433,0.20539048314094543,0.5170674324035645
434,0.20865540206432343,0.5289795994758606
435,0.17324228584766388,0.4716741144657135
436,0.19978760182857513,0.5403122901916504
437,0.24371132254600525,0.40689152479171753
438,0.15668341517448425,0.6567618250846863
439,0.19153009355068207,0.5350537300109863
440,0.1934669017791748,0.565524160861969
441,0.4309938848018646,0.68699711561203
442,0.8379605412483215,0.7378571033477783
443,1.4316819906234741,0.9997316598892212
444,1.8297157287597656,0.9080522656440735
445,1.7121309041976929,0.7179964184761047
446,1.8403981924057007,0.6917785406112671
447,1.5232795476913452,0.713703989982605
448,1.4954137802124023,0.9160451889038086
449,1.7812669277191162,0.9148237109184265
450,1.829245924949646,1.0680415630340576
451,1.1267898082733154,0.8124720454216003
452,1.187294363975525,0.9883483648300171
453,1.0557496547698975,0.7912446856498718
454,0.9337888956069946,0.910157322883606
455,0.9026851654052734,0.7498476505279541
456,0.8405407667160034,0.7514000535011292
457,0.9248534440994263,0.6687332391738892
458,1.0636475086212158,0.778955340385437
459,1.1083786487579346,0.747941255569458
460,1.0679134130477905,0.5940995812416077
461,1.015592098236084,0.6474693417549133
462,1.0756971836090088,0.637915313243866
463,0.8919689059257507,0.7797203660011292
464,0.6945801973342896,0.6963282823562622
465,0.6242183446884155,0.7842744588851929
466,0.5929864048957825,0.7496002316474915
467,0.6024008989334106,0.7796362638473511
468,0.5121603608131409,0.7627815008163452
469,0.530037522315979,0.6973130702972412
470,0.520818829536438,0.7370021939277649
471,0.46073317527770996,0.773926317691803
472,0.39804109930992126,0.7208566069602966
473,0.3474394381046295,0.7859522104263306
474,0.32653361558914185,0.731552004814148
475,0.2943108081817627,0.6748369336128235
476,0.2699788510799408,0.6494695544242859
477,0.23239150643348694,0.6919957399368286
478,0.16056562960147858,0.7548181414604187
479,0.17992675304412842,0.7000189423561096
480,0.18864032626152039,0.7286938428878784
481,0.18544861674308777,0.7805024981498718
482,0.18357008695602417,0.7497426271438599
483,0.2446097433567047,0.7830669283866882
484,0.27935081720352173,0.6813386082649231
485,0.27612265944480896,0.7258056998252869
486,0.2804664969444275,0.6793538928031921
487,0.2873836159706116,0.7092708349227905
488,0.31818944215774536,0.674062192440033
489,0.3179309368133545,0.6432440876960754
490,0.2989414632320404,0.6403863430023193
491,0.29489630460739136,0.6181458234786987
492,0.3433815836906433,0.6168015003204346
493,0.2952384650707245,0.6119137406349182
494,0.25393545627593994,0.6733246445655823
495,0.1977936327457428,0.6847628355026245
496,0.2420782744884491,0.6094679236412048
497,0.28899192810058594,0.6387047171592712
498,0.2237664759159088,0.6793250441551208
499,0.18854227662086487,0.5433368682861328
500,0.20283758640289307,0.6364697217941284
501,0.18059475719928741,0.6438677310943604
502,0.1587330400943756,0.6848733425140381
503,0.16904565691947937,0.5897778868675232
504,0.1596890687942505,0.6182700395584106
505,0.16861654818058014,0.5411155223846436
506,0.11269409954547882,0.6304958462715149
507,0.06332091987133026,0.6041532754898071
508,0.09119869768619537,0.5731377601623535
509,0.12860289216041565,0.5724951028823853
510,0.072142593562603,0.5478172302246094
511,0.09307200461626053,0.5565046668052673
512,0.09090785682201385,0.5982516407966614
513,0.059045374393463135,0.5812192559242249
514,0.03164011985063553,0.6227362751960754
515,0.04280524700880051,0.5236505270004272
516,0.04332749545574188,0.6031266450881958
517,0.02718501165509224,0.5737456679344177
518,0.043122824281454086,0.5896097421646118
519,0.030387427657842636,0.5154637098312378
520,0.029325122013688087,0.6189257502555847
521,0.022704318165779114,0.5370675921440125
522,0.027724698185920715,0.6438344717025757
523,0.031860433518886566,0.6378615498542786
524,0.02734525501728058,0.5573670268058777
525,0.01984640583395958,0.6348379254341125
526,0.02210983633995056,0.5431140065193176
527,0.015483254566788673,0.5198222398757935
528,0.034481022506952286,0.5464599132537842
529,0.02342401258647442,0.5949438810348511
530,0.030565911903977394,0.5829178094863892
531,0.029581546783447266,0.6546199917793274
532,0.0408702977001667,0.6032181978225708
533,0.03171011805534363,0.5971554517745972
534,0.04824407026171684,0.5758918523788452
535,0.08132992684841156,0.6255714297294617
536,0.09535494446754456,0.5761331915855408
537,0.10725536197423935,0.5710952281951904
538,0.11907742917537689,0.629270076751709
539,0.10991431772708893,0.5461739301681519
540,0.15260884165763855,0.6269837617874146
541,0.18727755546569824,0.524756133556366
542,0.2584017515182495,0.5543585419654846
543,0.22569838166236877,0.5633509159088135
544,0.25482600927352905,0.5972225666046143
545,0.2859046757221222,0.6678813695907593
546,0.2840171456336975,0.647415816783905
547,0.28359556198120117,0.6179414987564087
548,0.2463432252407074,0.6428509950637817
549,0.19076812267303467,0.5636479258537292
550,0.200181245803833,0.656750500202179
551,0.1442773938179016,0.8291850090026855
552,0.149093359708786,0.7081068754196167
553,0.06908135116100311,0.7354310750961304
554,0.07092846184968948,0.7110737562179565
555,0.05224555730819702,0.8290868997573853
556,0.0537835955619812,0.7337586879730225
557,0.058815427124500275,0.730860710144043
558,0.06347601860761642,0.7353132367134094
559,0.06789619475603104,0.6822987794876099
560,0.045238327234983444,0.5917243957519531
561,0.03862205520272255,0.6564629673957825
562,0.05942576006054878,0.5778181552886963
563,0.054408617317676544,0.7145141363143921
564,0.04258083179593086,0.6365287899971008
565,0.046982541680336,0.6743674874305725
566,0.03683581203222275,0.6152806282043457
567,0.031905706971883774,0.679533839225769
568,0.04337989538908005,0.6708136796951294
569,0.05342959240078926,0.621601402759552
570,0.044228095561265945,0.5955885648727417
571,0.03445779159665108,0.6654259562492371
572,0.0330432765185833,0.7402374148368835
573,0.0327274464070797,0.6611181497573853
574,0.025293344631791115,0.6077994108200073
575,0.030095702037215233,0.6572777628898621
576,0.0309210903942585,0.6472033262252808
577,0.029628273099660873,0.7242778539657593
578,0.025473494082689285,0.7040712237358093
579,0.0433826744556427,0.5498167872428894
580,0.04917314276099205,0.5551140904426575
581,0.04811245948076248,0.6024800539016724
582,0.03256499022245407,0.7091352343559265
583,0.06954050809144974,0.6149594783782959
584,0.08054295182228088,0.6311892867088318
585,0.09885160624980927,0.4802473187446594
586,0.08941446244716644,0.6588694453239441
587,0.08688835054636002,0.6916012763977051
588,0.10393533855676651,0.6274687647819519
589,0.17807629704475403,0.6358965635299683
590,0.14379121363162994,0.5790144801139832
591,0.1443212926387787,0.584692120552063
592,0.12230060994625092,0.6398866772651672
593,0.1280127763748169,0.5547429919242859
594,0.2527441382408142,0.7029800415039062
595,0.20301076769828796,0.5810437798500061
596,0.2146284282207489,0.6346405148506165
597,0.19026756286621094,0.6343783140182495
598,0.16203448176383972,0.5878926515579224
599,0.20388774573802948,0.7379161715507507
600,0.26883894205093384,0.5713717937469482
601,0.21475473046302795,0.6047441363334656
602,0.25201985239982605,0.5584915280342102
603,0.1783396303653717,0.6241365671157837
604,0.17940422892570496,0.6489021182060242
605,0.1870318204164505,0.6031171679496765
606,0.24411244690418243,0.6102750301361084
607,0.17580445110797882,0.586178183555603
608,0.1320074200630188,0.6537774801254272
609,0.10887797921895981,0.6775075793266296
610,0.10185333341360092,0.6011637449264526
611,0.12089967727661133,0.6073439121246338
612,0.11109249293804169,0.606031060218811
613,0.11957632005214691,0.6114956736564636
614,0.12141348421573639,0.5983521342277527
615,0.11212609708309174,0.5800688862800598
616,0.09622301161289215,0.5876944661140442
617,0.09172767400741577,0.6421737670898438
618,0.08660411834716797,0.552332878112793
619,0.05679350346326828,0.6667742729187012
620,0.04573135823011398,0.6379221677780151
621,0.0564398467540741,0.606159508228302
622,0.05236382409930229,0.7215974926948547
623,0.0647825077176094,0.7163195610046387
624,0.082161083817482,0.7637916207313538
625,0.12141953408718109,0.7972481846809387
626,0.11593141406774521,0.7447109222412109
627,0.15440014004707336,0.7863852381706238
628,0.21734002232551575,0.7011893391609192
629,0.2212299406528473,0.7807030081748962
630,0.2778427004814148,0.8245667219161987
631,0.22328460216522217,0.8024099469184875
632,0.20248398184776306,0.8076412081718445
633,0.3749876618385315,0.9766912460327148
634,0.5008585453033447,0.6282818913459778
635,0.5115801095962524,0.6956295967102051
636,0.5087507963180542,0.7410784959793091
637,0.4487728178501129,0.6389924883842468
638,0.5402849912643433,0.5792481899261475
639,0.5863619446754456,0.6895354390144348
640,0.7785318493843079,0.6579973101615906
641,0.8212624788284302,0.6023403406143188
642,0.8318813443183899,0.4857645630836487
643,0.8375199437141418,0.552278995513916
644,0.7648776173591614,0.5072034597396851
645,0.6759206056594849,0.4176013469696045
646,0.6085854768753052,0.3674592673778534
647,0.5091455578804016,0.35041213035583496
648,0.41022101044654846,0.25527694821357727
649,0.2988673150539398,0.20562946796417236
650,0.20882448554039001,0.13473275303840637
651,0.1519065648317337,0.09165313094854355
652,0.11964273452758789,0.05640590935945511
653,0.09380073845386505,0.04720462113618851
654,0.06899265944957733,0.0546833761036396
655,0.05934230610728264,0.028854843229055405
656,0.04887668415904045,0.03028133511543274
657,0.044440560042858124,0.029552150517702103
658,0.03611599653959274,0.021334772929549217
659,0.03270911052823067,0.017282048240303993
660,0.027778929099440575,0.015993043780326843
661,0.02417490817606449,0.013752925209701061
662,0.01997779682278633,0.013638051226735115
663,0.016705628484487534,0.011449757032096386
664,0.013776342384517193,0.00980035588145256
665,0.011404979974031448,0.011731492355465889
666,0.010806793347001076,0.009051519446074963
667,0.008478877134621143,0.009995358064770699
668,0.0066721574403345585,0.007299651391804218
669,0.006063591688871384,0.007981262169778347
670,0.0075703514739871025,0.008011283352971077
671,0.006713126786053181,0.006466067396104336
672,0.005071868188679218,0.007016858551651239
673,0.0043023983016610146,0.0066236755810678005
674,0.004292287398129702,0.00706110754981637
675,0.0043348278850317,0.007103164680302143
676,0.005958888679742813,0.006006227340549231
677,0.0035921651870012283,0.006764558609575033
678,0.0033496159594506025,0.006425504572689533
679,0.002872670069336891,0.0065247975289821625
680,0.0034795787651091814,0.006784443743526936
681,0.003972948528826237,0.0070177242159843445
682,0.0025031734257936478,0.00737540889531374
683,0.003620590316131711,0.006536404602229595
684,0.0026213149540126324,0.007378309033811092
685,0.002718741772696376,0.008781121112406254
686,0.003036231966689229,0.008791940286755562
687,0.0033460031263530254,0.008046459406614304
688,0.0035054017789661884,0.00847794022411108
689,0.002836144994944334,0.007582333870232105
690,0.003223178442567587,0.008250823244452477
691,0.0037363036535680294,0.007735063321888447
692,0.0028511930722743273,0.010022817179560661
693,0.003934115171432495,0.008386372588574886
694,0.0037655942142009735,0.0071350871585309505
695,0.003596169175580144,0.0083585474640131
696,0.00379459117539227,0.009175042621791363
697,0.004176889546215534,0.008108069188892841
698,0.004245942924171686,0.008502794429659843
699,0.004150270018726587,0.010999592021107674
700,0.00493194442242384,0.00699977669864893
701,0.0042642331682145596,0.007885022088885307
702,0.0044077918864786625,0.007172708865255117
703,0.0049035921692848206,0.00843365490436554
704,0.005744071211665869,0.008616632781922817
705,0.005702505819499493,0.011563019827008247
706,0.005518856458365917,0.006066883914172649
707,0.007022351026535034,0.00675578135997057
708,0.00681754807010293,0.00815198291093111
709,0.0060616424307227135,0.006660205777734518
710,0.007137039210647345,0.009727423079311848
711,0.006704607047140598,0.007799910847097635
712,0.00789513997733593,0.008439416997134686
713,0.007918844930827618,0.00926466565579176
714,0.007896585389971733,0.008381213992834091
715,0.009522409178316593,0.009029393084347248
716,0.010296383872628212,0.008893387392163277
717,0.008960021659731865,0.011160350404679775
718,0.012026338838040829,0.011660496704280376
719,0.013194342143833637,0.015022402629256248
720,0.013523319736123085,0.008725160732865334
721,0.015528170391917229,0.01069291029125452
722,0.014269930310547352,0.012395450845360756
723,0.017017966136336327,0.016157876700162888
724,0.021271636709570885,0.020798340439796448
725,0.02683049440383911,0.007606716360896826
726,0.02690332569181919,0.011662391945719719
727,0.03141144663095474,0.019197072833776474
728,0.027658745646476746,0.03214161843061447
729,0.04046451300382614,0.03057839535176754
730,0.05497056245803833,0.027400676161050797
731,0.07593120634555817,0.029467737302184105
732,0.051030248403549194,0.028320420533418655
733,0.0626281276345253,0.04998140409588814
734,0.07127322256565094,0.049008045345544815
735,0.049015119671821594,0.08768286556005478
736,0.07317882031202316,0.12776950001716614
737,0.12058542668819427,0.2959190011024475
738,0.23120856285095215,0.49255967140197754
739,0.4622429311275482,0.4314407706260681
740,0.3476394712924957,0.6376935243606567
741,0.2679344117641449,0.3392018675804138
742,0.18900224566459656,0.4665564000606537
743,0.17227207124233246,0.3808690011501312
744,0.19794178009033203,0.38563328981399536
745,0.23980161547660828,0.36897748708724976
746,0.25913602113723755,0.420696496963501
747,0.22967569530010223,0.4947455823421478
748,0.22086644172668457,0.41523775458335876
749,0.27735257148742676,0.3720738887786865
750,0.33839067816734314,0.3616572618484497
751,0.34530532360076904,0.3555993437767029
752,0.30915936827659607,0.3756852149963379
753,0.2805706858634949,0.3628918528556824
754,0.309821218252182,0.36022645235061646
755,0.3343871533870697,0.3947944641113281
756,0.3611021935939789,0.3625587821006775
757,0.31363585591316223,0.40701013803482056
758,0.26342517137527466,0.4325190484523773
759,0.2773670256137848,0.4023067057132721
760,0.3568970561027527,0.3578000068664551
761,0.3268255591392517,0.4545571208000183
762,0.31993845105171204,0.35768479108810425
763,0.29747113585472107,0.4119534492492676
764,0.3333740830421448,0.349025160074234
765,0.37866196036338806,0.3341061472892761
766,0.3856707513332367,0.33815431594848633
767,0.31427454948425293,0.4026888906955719
768,0.3426773250102997,0.3239568769931793
769,0.46024614572525024,0.2728514075279236
770,0.5018470883369446,0.29555320739746094
771,0.41595903038978577,0.34393641352653503
772,0.33791613578796387,0.3836231827735901
773,0.37203049659729004,0.3090052008628845
774,0.4146176278591156,0.3575640320777893
775,0.5284707546234131,0.2870323657989502
776,0.45513778924942017,0.38379809260368347
777,0.4378827214241028,0.3255210816860199
778,0.44224387407302856,0.3530905544757843
779,0.49724358320236206,0.316885381937027
780,0.46487894654273987,0.3536161184310913
781,0.4652434289455414,0.332511842250824
782,0.44292163848876953,0.3507617712020874
783,0.48717403411865234,0.3264198899269104
784,0.510009765625,0.32252004742622375
785,0.4848465919494629,0.37349414825439453
786,0.48709583282470703,0.334198534488678
787,0.5264376401901245,0.3159603774547577
788,0.4789218306541443,0.3949931859970093
789,0.5328782796859741,0.3168078660964966
790,0.6174960732460022,0.2945348620414734
791,0.6082431077957153,0.3259643614292145
792,0.6397510170936584,0.27825993299484253
793,0.640468418598175,0.31899863481521606
794,0.6478278040885925,0.29618972539901733
795,0.6899861097335815,0.279043048620224
796,0.5594058632850647,0.37639766931533813
797,0.5544441938400269,0.3121955394744873
798,0.5526684522628784,0.36374157667160034
799,0.6238945722579956,0.3433852195739746
800,0.646640956401825,0.34410619735717773
801,0.5742427110671997,0.3970244824886322
802,0.7803694009780884,0.2515801787376404
803,0.7804114818572998,0.3523053526878357
804,0.8238541483879089,0.26512259244918823
805,0.8139468431472778,0.31205636262893677
806,0.6367693543434143,0.3892971873283386
807,0.6501557230949402,0.3320038616657257
808,0.9189602732658386,0.2308327704668045
809,0.9466050863265991,0.3391844928264618
810,0.7836525440216064,0.3674204647541046
811,0.7074583768844604,0.3526933491230011
812,0.746336817741394,0.33680468797683716
813,0.7811012268066406,0.3549327850341797
814,0.8891814351081848,0.3094593286514282
815,0.9227755665779114,0.31904762983322144
816,0.8330674171447754,0.36564749479293823
817,0.9025624990463257,0.30203524231910706
818,1.0013965368270874,0.3012257516384125
819,0.9347845315933228,0.3421122133731842
820,0.6433039903640747,0.5022416114807129
821,0.7773440480232239,0.33136820793151855
822,0.9800354838371277,0.3365660309791565
823,1.1231358051300049,0.2953121066093445
824,0.8916274905204773,0.43454891443252563
825,0.8394352197647095,0.33839306235313416
826,0.680487871170044,0.47088927030563354
827,0.8506681323051453,0.3383216857910156
828,1.0091955661773682,0.34267035126686096
829,0.8066026568412781,0.48855799436569214
830,0.8663511276245117,0.31934937834739685
831,0.916572093963623,0.3628370761871338
832,0.8337275385856628,0.43796077370643616
833,1.0215113162994385,0.30675747990608215
834,1.2315319776535034,0.2779505252838135
835,1.0044479370117188,0.46009358763694763
836,0.7604171633720398,0.42302146553993225
837,0.7005796432495117,0.44827812910079956
838,0.8734801411628723,0.3960525691509247
839,1.1557825803756714,0.32142016291618347
840,1.0030657052993774,0.4633689522743225
841,0.9938570857048035,0.32444190979003906
842,1.0033049583435059,0.37695151567459106
843,0.7706974148750305,0.5154598355293274
844,0.9610157012939453,0.30535346269607544
845,1.2817579507827759,0.28563931584358215
846,1.310141921043396,0.3433833718299866
847,1.1547889709472656,0.34264320135116577
848,1.0049374103546143,0.3594106435775757
849,0.9909213781356812,0.33665189146995544
850,1.0655951499938965,0.3538980484008789
851,1.1019929647445679,0.3778460621833801
852,1.195375680923462,0.29639801383018494
853,1.1105175018310547,0.3892466127872467
854,0.9421350359916687,0.4403538703918457
855,0.8391915559768677,0.44149595499038696
856,0.883243203163147,0.43199020624160767
857,1.1571980714797974,0.328788697719574
858,1.1565710306167603,0.42251157760620117
859,0.7619401216506958,0.6226024627685547
860,0.8117657899856567,0.3863101601600647
861,1.0962071418762207,0.35374176502227783
862,1.1014617681503296,0.4670141637325287
863,1.2223751544952393,0.2835257947444916
864,1.0388392210006714,0.5305642485618591
865,0.925957202911377,0.3454797863960266
866,0.8316549062728882,0.5019645094871521
867,0.18490329384803772,2.599529504776001
868,3.2356109619140625,1.5235273838043213
869,1.731101632118225,1.4218875169754028
870,1.1575409173965454,0.8599327802658081
871,0.907103419303894,1.0669046640396118
872,1.0214052200317383,0.7020121812820435
873,1.281301736831665,0.5797619223594666
874,1.2553246021270752,0.3550510108470917
875,1.3003051280975342,0.5352398157119751
876,0.8545405268669128,0.5644195675849915
877,1.0271886587142944,0.5426734685897827
878,0.9207009077072144,0.4827558994293213
879,0.8172762989997864,0.6116216778755188
880,0.9231338500976562,0.4595486521720886
881,0.956463634967804,0.4978410601615906
882,1.0209791660308838,0.43398576974868774
883,1.0238765478134155,0.4024274945259094
884,0.8972712755203247,0.48526352643966675
885,0.7373778223991394,0.4812115728855133
886,0.7063883543014526,0.4428589940071106
887,0.9163106679916382,0.38461893796920776
888,1.0140626430511475,0.47261494398117065
889,1.0765049457550049,0.3877568244934082
890,0.8777173757553101,0.5116399526596069
891,0.9898439645767212,0.32144466042518616
892,0.7902804613113403,0.5648306012153625
893,0.7538100481033325,0.4718884527683258
894,0.6455513834953308,0.6069085001945496
895,0.7149182558059692,0.5390217900276184
896,0.8080968856811523,0.49906930327415466
897,0.9680372476577759,0.422940731048584
898,0.9603220224380493,0.5215393304824829
899,0.7571039795875549,0.6031600832939148
900,0.7983692288398743,0.45474404096603394
901,0.9209804534912109,0.43600815534591675
902,1.0199806690216064,0.4172601103782654
903,1.01679265499115,0.4218624532222748
904,1.0673716068267822,0.369019091129303
905,0.8611190915107727,0.5164552927017212
906,0.8246997594833374,0.4482925832271576
907,0.8508431315422058,0.538419783115387
908,0.8807644844055176,0.4613944888114929
909,0.9282830357551575,0.48743754625320435
910,1.1110942363739014,0.3897186815738678
911,1.152768611907959,0.4478987157344818
912,1.0770460367202759,0.4237825870513916
913,0.8813274502754211,0.5668486952781677
914,0.9010499715805054,0.440213680267334
915,1.0120065212249756,0.45360785722732544
916,1.1227695941925049,0.4838961064815521
917,1.0017898082733154,0.554106593132019
918,0.7068737745285034,0.6903668642044067
919,0.7647343873977661,0.5882365107536316
920,0.9081972241401672,0.5212992429733276
921,0.853138267993927,0.5967367887496948
922,0.8327440023422241,0.5191767811775208
923,0.8539681434631348,0.5331799983978271
924,0.9396381378173828,0.48469194769859314
925,0.9098666906356812,0.5419806241989136
926,1.0655733346939087,0.4805930256843567
927,1.0298734903335571,0.4860571324825287
928,0.985879123210907,0.5152040719985962
929,0.8980010747909546,0.5734999775886536
930,0.9084688425064087,0.47372332215309143
931,0.8756222724914551,0.5822988748550415
932,1.0513733625411987,0.4569454789161682
933,0.9925462603569031,0.5875121355056763
934,1.0111714601516724,0.4351528286933899
935,1.1742618083953857,0.39956921339035034
936,1.3753503561019897,0.38641998171806335
937,1.5445959568023682,1.1561543941497803
938,0.14484462141990662,0.6942425966262817
939,0.05030731484293938,0.41018813848495483
940,0.010586947202682495,0.16041003167629242
941,0.021592801436781883,0.07508400082588196
942,0.0012928502401337028,0.04517479985952377
943,0.0015979902818799019,0.02436194382607937
944,0.0005314213922247291,0.02793746069073677
945,0.0011541484855115414,0.02691269852221012
946,0.00032068751170299947,0.0156866405159235
947,0.0005186620401218534,0.021673649549484253
948,0.00018038535199593753,0.0117822689935565
949,0.00010576636850601062,0.01059087086468935
950,0.00022910935513209552,0.005160900764167309
951,0.0002745405654422939,0.012831422500312328
952,0.00014641326561104506,0.009698905050754547
953,0.0002285474620293826,0.012306949123740196
954,7.631697371834889e-05,0.014691179618239403
955,5.6248514738399535e-05,0.0073541318997740746
956,8.680237806402147e-05,0.00387284392490983
957,0.0001227333559654653,0.006113872863352299
958,0.0002107196196448058,0.009221883490681648
959,4.859328328166157e-05,0.005134085658937693
960,8.774433808866888e-05,0.005019184201955795
961,5.998059714329429e-05,0.002672006841748953
962,5.182403765502386e-05,0.003658171044662595
963,6.455289985751733e-05,0.006992520298808813
964,0.00030571193201467395,0.004843519069254398
965,6.7704742832575e-05,0.004257731139659882
966,7.532437302870676e-05,0.004358923528343439
967,0.00016576689085923135,0.004021495580673218
968,5.872226392966695e-05,0.0027880650013685226
969,4.1217928810510784e-05,0.007738337852060795
970,2.9167025786591694e-05,0.0079158004373312
971,3.631757135735825e-05,0.00470653036609292
972,8.403167157666758e-05,0.005181810352951288
973,2.5229641323676333e-05,0.0033649555407464504
974,1.9784676624112763e-05,0.005927534308284521
975,3.707996802404523e-05,0.004095231648534536
976,3.273208130849525e-05,0.004621417261660099
977,3.3244199585169554e-05,0.002405969426035881
978,4.5267293899087235e-05,0.006451014429330826
979,5.0065813411492854e-05,0.0038904689718037844
980,3.429382195463404e-05,0.002913969336077571
981,3.6426888982532546e-05,0.0036136202979832888
982,3.0611576221417636e-05,0.0028583710081875324
983,1.3657021554536186e-05,0.004295812454074621
984,3.981335976277478e-05,0.003296088892966509
985,2.0913616026518866e-05,0.004091215319931507
986,4.299320426071063e-05,0.005180385895073414
987,3.4362677979515865e-05,0.002790941158309579
988,2.374956056883093e-05,0.00562626775354147
989,3.405263487366028e-05,0.002685092855244875
990,3.582035060389899e-05,0.001852798042818904
991,1.8318274669582024e-05,0.0022671115584671497
992,3.3728796552168205e-05,0.0034426525235176086
993,3.101909169345163e-05,0.003189715091139078
994,1.6682874047546647e-05,0.0035489429719746113
995,1.1541742424014956e-05,0.0017446826677769423
996,2.9003582312725484e-05,0.003889939282089472
997,3.460265725152567e-05,0.0025947082322090864
998,3.4629159927135333e-05,0.0027731291484087706
999,1.857086317613721e-05,0.002360876649618149
1000,1.4573301996279042e-05,0.004576924256980419
1001,1.8824666767613962e-05,0.0024747769348323345
1002,1.681831417954527e-05,0.0021010409109294415
1003,2.7477863113745116e-05,0.0008833833271637559
1004,2.3733327907393686e-05,0.001965869218111038
1005,1.94820822798647e-05,0.003563110949471593
1006,1.6963575035333633e-05,0.0027115102857351303
1007,1.9643781342892908e-05,0.0013510913122445345
1008,1.8366143194725737e-05,0.0029632255900651217
1009,1.2758648153976537e-05,0.002830859972164035
1010,1.2899382454634178e-05,0.0015953800175338984
1011,3.763450149563141e-05,0.004103024490177631
1012,1.4592398656532168e-05,0.0021485905162990093
1013,1.540802804811392e-05,0.0017851389711722732
1014,2.7483018129714765e-05,0.0020287386141717434
1015,1.555672315589618e-05,0.002710711443796754
1016,2.2579730284633115e-05,0.0035912743769586086
1017,1.4242648830986582e-05,0.0023891939781606197
1018,5.977988621452823e-05,0.027039891108870506
1019,0.005756824743002653,0.0031802006997168064
1020,7.169525633798912e-05,0.0022545417305082083
1021,0.00037510323454625905,0.0028450973331928253
1022,0.00014737050514668226,0.0015876442193984985
1023,0.0006435380200855434,0.04017595201730728
1024,0.001959550194442272,0.003184524131938815
1025,0.01602361910045147,0.004581981338560581
1026,0.0012066541239619255,0.005228529684245586
1027,0.0020794859156012535,0.004377809353172779
1028,0.001247453037649393,0.004376907832920551
1029,0.004605830647051334,0.009600584395229816
1030,0.019902363419532776,0.17562982439994812
1031,0.3412334620952606,0.2599364221096039
1032,1.6482908725738525,1.2609530687332153
1033,2.6221604347229004,0.7404940724372864
1034,1.7898657321929932,0.7147088646888733
1035,1.0191361904144287,0.8930038213729858
1036,0.7061671018600464,0.6306838989257812
1037,0.6011601090431213,0.6659256219863892
1038,0.7142170667648315,0.6486495733261108
1039,0.7870093584060669,0.6257403492927551
1040,0.8608684539794922,0.6113113164901733
1041,0.8877705335617065,0.5715117454528809
1042,0.8213964700698853,0.5995687246322632
1043,0.7920213937759399,0.5817648768424988
1044,0.8243986368179321,0.5567458868026733
1045,0.9361512064933777,0.4687594771385193
1046,0.8921884298324585,0.5875641107559204
1047,0.8814167976379395,0.5221434831619263
1048,0.952947735786438,0.47283077239990234
1049,0.9900450706481934,0.49167466163635254
1050,0.8688420057296753,0.592253565788269
1051,0.6941118240356445,0.6702404022216797
1052,0.7220879793167114,0.5594823956489563
1053,0.834729015827179,0.5570622086524963
1054,0.8962994813919067,0.5287443399429321
1055,0.885900616645813,0.611319899559021
1056,0.7578831911087036,0.6420259475708008
1057,0.7768474817276001,0.5183590054512024
1058,0.8895573616027832,0.4938402771949768
1059,1.1060134172439575,0.3994144797325134
1060,1.198392391204834,0.4034028947353363
1061,1.0207809209823608,0.46623772382736206
1062,0.9095762372016907,0.4742017686367035
1063,0.5923891067504883,0.5782152414321899
1064,0.19365908205509186,0.6557883024215698
1065,0.06082923337817192,0.6918167471885681
1066,0.06502576172351837,0.7188318967819214
1067,0.06236838549375534,0.9231748580932617
1068,0.0666530653834343,0.8424772024154663
1069,0.04932423681020737,1.0185253620147705
1070,0.08039412647485733,1.3282296657562256
1071,0.07758410274982452,1.079606056213379
1072,0.1308472901582718,1.1766905784606934
1073,0.252149760723114,1.1951013803482056
1074,0.2743202745914459,1.176027774810791
1075,0.12742535769939423,1.1860582828521729
1076,0.07853453606367111,1.08396577835083
1077,0.12465164810419083,1.2444941997528076
1078,0.22538194060325623,1.2660715579986572
1079,0.4706405699253082,1.2317430973052979
1080,0.3934450149536133,1.3840739727020264
1081,0.5180485844612122,1.2172424793243408
1082,0.3244155943393707,1.115872859954834
1083,0.2894617021083832,1.138763666152954
1084,0.31501609086990356,1.0099107027053833
1085,0.3328489363193512,1.0414526462554932
1086,0.3575633466243744,0.933201014995575
1087,0.5665397047996521,0.926406741142273
1088,0.6037813425064087,0.9488803744316101
1089,0.6648955345153809,0.874934196472168
1090,0.6723693013191223,0.8685897588729858
1091,0.710905909538269,0.8162616491317749
1092,0.7036696672439575,0.7534897327423096
1093,0.8032438158988953,0.7506304383277893
1094,0.6645483374595642,0.7844043970108032
1095,0.7575808763504028,0.7037332653999329
1096,0.7050663232803345,0.6939240097999573
1097,0.6688952445983887,0.7743682265281677
1098,0.6654341220855713,0.7323643565177917
1099,0.7579875588417053,0.6073813438415527
1100,0.6726195812225342,0.6765750050544739
1101,0.6915566325187683,0.7401458621025085
1102,0.5988974571228027,0.7027138471603394
1103,0.7017408609390259,0.6618125438690186
1104,0.5232357978820801,0.6073390245437622
1105,0.3114980161190033,0.4149095416069031
1106,0.17740216851234436,0.2788015305995941
1107,0.1246323361992836,0.17780038714408875
1108,0.11979281902313232,0.2408452332019806
1109,0.16015005111694336,0.1868852823972702
1110,0.2404334992170334,0.31028997898101807
1111,0.43217191100120544,0.5796689987182617
1112,0.6712550520896912,0.7673417925834656
1113,0.774874210357666,0.813312828540802
1114,0.7802136540412903,0.7719138860702515
1115,0.6689311265945435,0.814644455909729
1116,0.590142011642456,0.7876125574111938
1117,0.5869837403297424,0.6920623779296875
1118,0.5916760563850403,0.7482182383537292
1119,0.688144862651825,0.6941871643066406
1120,0.6684327721595764,0.7912222743034363
1121,0.6035672426223755,0.8045876622200012
1122,0.5466041564941406,0.8492317199707031
1123,0.6134793758392334,0.7099514603614807
1124,0.5964652299880981,0.8084273338317871
1125,0.6320797204971313,0.6875889301300049
1126,0.6198871731758118,0.7132729291915894
1127,0.6126769185066223,0.6330237984657288
1128,0.5919541120529175,0.593201756477356
1129,0.5200390815734863,0.8477304577827454
1130,0.5672563314437866,0.6744440793991089
1131,0.5943371057510376,0.5940621495246887
1132,0.6289345622062683,0.5763283967971802
1133,0.5747925043106079,0.8492620587348938
1134,0.5887597799301147,0.537787139415741
1135,0.6210893392562866,0.5435155630111694
1136,0.6480430364608765,0.5860421061515808
1137,0.6213347315788269,0.8066256642341614
1138,0.5651875138282776,0.6834264993667603
1139,0.549649178981781,0.7035061120986938
1140,0.629554271697998,0.6386623382568359
1141,0.6972041130065918,0.6268683671951294
1142,0.7740078568458557,0.6332526206970215
1143,0.7652097940444946,0.6599056124687195
1144,0.7340624928474426,0.7150076627731323
1145,0.7153472900390625,0.6409636735916138
1146,0.7176567912101746,0.6985408067703247
1147,0.6967116594314575,0.6899159550666809
1148,0.6585491895675659,0.6957541704177856
1149,0.7145243287086487,0.5941054224967957
1150,0.7751151919364929,0.5797074437141418
1151,0.8045784831047058,0.5979402661323547
1152,0.7704289555549622,0.6568716168403625
1153,0.7347550392150879,0.6482419967651367
1154,0.6905906796455383,0.6406465768814087
1155,0.7011173963546753,0.6488255858421326
1156,0.6933431625366211,0.6618021726608276
1157,0.7879202961921692,0.5794484615325928
1158,0.79949951171875,0.5915877819061279
1159,0.8039771318435669,0.6702332496643066
1160,0.7207323312759399,0.6483904123306274
1161,0.7718809843063354,0.6199679374694824
1162,0.7963260412216187,0.6465111970901489
1163,0.7712309956550598,0.6068763136863708
1164,0.7497394680976868,0.6108484268188477
1165,0.7484678030014038,0.5697426199913025
1166,0.7497861385345459,0.6496418118476868
1167,0.7627719044685364,0.6156700253486633
1168,0.6823617815971375,0.5037240982055664
1169,0.763108491897583,0.6041572093963623
1170,0.7713047862052917,0.5669649839401245
1171,0.7246171236038208,0.6756231188774109
1172,0.4589778780937195,0.37109699845314026
1173,0.2032766342163086,0.23503418266773224
1174,0.09253551065921783,0.12289239466190338
1175,0.049868740141391754,0.04916493222117424
1176,0.029947003349661827,0.05198999494314194
1177,0.02099510096013546,0.031979721039533615
1178,0.01496764738112688,0.03903317451477051
1179,0.011434151791036129,0.015154315158724785
1180,0.00823762733489275,0.01964634470641613
1181,0.009773333556950092,0.018289899453520775
1182,0.008064922876656055,0.01764639839529991
1183,0.006368089467287064,0.011600632220506668
1184,0.0066519565880298615,0.008155899122357368
1185,0.005324273370206356,0.014945429749786854
1186,0.004544424824416637,0.012394563294947147
1187,0.0050613777711987495,0.009332170709967613
1188,0.0056427037343382835,0.010472090914845467
1189,0.003965114243328571,0.009808970615267754
1190,0.003438076004385948,0.010085955262184143
1191,0.0037708752788603306,0.023761246353387833
1192,0.003644858254119754,0.009492382407188416
1193,0.003038416150957346,0.006459919270128012
1194,0.00305461254902184,0.006425677798688412
1195,0.0033160769380629063,0.005125737749040127
1196,0.003313060849905014,0.006477229297161102
1197,0.0024996898137032986,0.00878236722201109
1198,0.00263775116764009,0.008213330991566181
1199,0.003418975044041872,0.006897517945617437
1200,0.0027907758485525846,0.004732248838990927
1201,0.002968081273138523,0.004856122191995382
1202,0.002231346210464835,0.009302588179707527
1203,0.00256750569678843,0.004973572678864002
1204,0.0024243989028036594,0.005663787480443716
1205,0.0022802946623414755,0.006406934466212988
1206,0.0013587154680863023,0.004705268424004316
1207,0.0021238820627331734,0.005580639000982046
1208,0.002182001480832696,0.005752269644290209
1209,0.001311612781137228,0.005368438549339771
1210,0.001554020564071834,0.005203039385378361
1211,0.0020135995000600815,0.004611319396644831
1212,0.0013993823667988181,0.005189227405935526
1213,0.001723763532936573,0.003963845316320658
1214,0.002305797766894102,0.003986912313848734
1215,0.0015480384463444352,0.008694926276803017
1216,0.001833322225138545,0.0053357407450675964
1217,0.001852767774835229,0.007210001349449158
1218,0.0016873929416760802,0.007298151962459087
1219,0.001488767797127366,0.005959192756563425
1220,0.0017340166959911585,0.015216631814837456
1221,0.0019603183027356863,0.005423530004918575
1222,0.0014876618515700102,0.008851255290210247
1223,0.0020222445018589497,0.008345440030097961
1224,0.001824539853259921,0.012796474620699883
1225,0.00171460525598377,0.017768802121281624
1226,0.0025141327641904354,0.028933867812156677
1227,0.0028947682585567236,0.006172253284603357
1228,0.0023948221933096647,0.006848917808383703
1229,0.0033627816010266542,0.2579194903373718
1230,0.005143008194863796,0.015937920659780502
1231,0.00462946156039834,0.01137704961001873
1232,0.005113572347909212,0.010737644508481026
1233,0.005737056024372578,0.012790029868483543
1234,0.004574076272547245,0.011371389031410217
1235,0.006301515735685825,0.06092653423547745
1236,0.009271855466067791,0.037321679294109344
1237,0.01669876091182232,0.13145938515663147
1238,0.019580472260713577,0.07764232158660889
1239,0.030649254098534584,0.08026354759931564
1240,0.1115582212805748,0.4189302325248718
1241,0.47116199135780334,1.103775978088379
1242,0.9835535287857056,0.8726896047592163
1243,1.124542474746704,0.7848665118217468
1244,0.8832748532295227,0.9740242958068848
1245,0.6122021675109863,0.927295982837677
1246,0.5292314291000366,0.7360485196113586
1247,0.5181069374084473,0.8191632032394409
1248,0.5764357447624207,0.7554585337638855
1249,0.6533511281013489,0.7211370468139648
1250,0.6603711247444153,0.794589638710022
1251,0.6568905115127563,0.7145477533340454
1252,0.6339832544326782,0.6842792630195618
1253,0.6212362051010132,0.6658151745796204
1254,0.569185733795166,0.6597675085067749
1255,0.5938675999641418,0.7409454584121704
1256,0.5371522307395935,0.8461536169052124
1257,0.5461792349815369,0.7627856135368347
1258,0.5813292264938354,0.7297564148902893
1259,0.6252495050430298,0.7680171132087708
1260,0.6018470525741577,0.6443946957588196
1261,0.6433401107788086,0.6845670342445374
1262,0.5752627849578857,0.687295138835907
1263,0.5685685276985168,0.7201172709465027
1264,0.5613053441047668,0.7694833874702454
1265,0.6148806810379028,0.700278639793396
1266,0.5510484576225281,0.747754693031311
1267,0.5174874067306519,0.6748997569084167
1268,0.5252456665039062,0.6222023963928223
1269,0.5824769735336304,0.6171171069145203
1270,0.59674072265625,0.7817183136940002
1271,0.547957181930542,0.7096419334411621
1272,0.6137892007827759,0.7531119585037231
1273,0.5418255925178528,0.6954318284988403
1274,0.6202318668365479,0.5355064272880554
1275,0.6721621751785278,0.7143551111221313
1276,0.6421061754226685,0.803486168384552
1277,0.6601583957672119,0.9070602655410767
1278,0.5550128221511841,0.8927437663078308
1279,0.5787738561630249,1.064141869544983
1280,0.5902131199836731,0.7725391387939453
1281,0.49375104904174805,0.7283121347427368
1282,0.33136335015296936,0.806621253490448
1283,0.3275957703590393,0.7281988859176636
1284,0.27697399258613586,0.7058402895927429
1285,0.22839784622192383,0.8024940490722656
1286,0.25861993432044983,0.7143134474754333
1287,0.27731335163116455,0.6804711222648621
1288,0.2837986946105957,0.8313353657722473
1289,0.32830286026000977,0.7091664671897888
1290,0.31419795751571655,0.7893635630607605
1291,0.2742477059364319,0.9202759861946106
1292,0.2800460457801819,0.9405544400215149
1293,0.34641966223716736,0.8521400690078735
1294,0.44540461897850037,0.9375771284103394
1295,0.5711946487426758,1.0819554328918457
1296,0.6519948244094849,1.092840313911438
1297,0.4890507757663727,1.0531269311904907
1298,0.3820425868034363,0.9799010157585144
1299,0.23669306933879852,0.7981416583061218
1300,0.14011840522289276,0.8236115574836731
1301,0.13426685333251953,0.8229986429214478
1302,0.17042484879493713,0.958620548248291
1303,0.18213507533073425,0.9188281297683716
1304,0.21441152691841125,0.8030961751937866
1305,0.31380170583724976,0.8980592489242554
1306,0.29605308175086975,0.7590259313583374
1307,0.29413536190986633,0.815466046333313
1308,0.2817143499851227,0.8020801544189453
1309,0.23325462639331818,0.7586839199066162
1310,0.2512875199317932,0.7937667965888977
1311,0.27592596411705017,0.8378690481185913
1312,0.296281635761261,0.8752419352531433
1313,0.3903962969779968,0.8421861529350281
1314,0.4081421494483948,0.838334858417511
1315,0.4377545714378357,0.7818929553031921
1316,0.3691021203994751,0.7186325788497925
1317,0.32248565554618835,0.7245901823043823
1318,0.36883461475372314,0.7835941314697266
1319,0.4066280424594879,0.7373164296150208
1320,0.4265523850917816,0.7337607145309448
1321,0.4046075940132141,0.7102063894271851
1322,0.4002077579498291,0.7125574350357056
1323,0.39356955885887146,0.7824866771697998
1324,0.4066442549228668,0.7188502550125122
1325,0.43496742844581604,0.6970698237419128
1326,0.45127639174461365,0.7260411977767944
1327,0.5156444311141968,0.7020323276519775
1328,0.5350028872489929,0.7267067432403564
1329,0.39611488580703735,0.8889293670654297
1330,0.4021642804145813,0.7789876461029053
1331,0.37331458926200867,0.7781917452812195
1332,0.5007712841033936,0.7138401865959167
1333,0.5133213996887207,0.7225643992424011
1334,0.5974198579788208,0.6981848478317261
1335,0.6229315996170044,0.6860685348510742
1336,0.7728250622749329,0.5568548440933228
1337,0.7237625122070312,0.6798140406608582
1338,0.6999242901802063,0.8762618899345398
1339,0.7455404996871948,0.9119850397109985
1340,1.0098850727081299,0.8293386697769165
1341,0.8156204223632812,0.7803472280502319
1342,0.7112184762954712,0.8980385661125183
1343,0.5531559586524963,0.8370715379714966
1344,0.5322557091712952,0.8211513757705688
1345,0.7187584638595581,0.9032395482063293
1346,0.6289632320404053,0.8330283164978027
1347,0.6322557330131531,0.863673210144043
1348,0.5547597408294678,0.8505247831344604
1349,0.5192417502403259,0.8436568975448608
1350,0.4893621504306793,0.8861346244812012
1351,0.4923000931739807,0.9210907816886902
1352,0.4163239002227783,1.1371692419052124
1353,0.4430552124977112,0.8983502388000488
1354,0.5238932371139526,0.8887609243392944
1355,0.5683396458625793,0.943181037902832
1356,0.5941962599754333,0.9539979696273804
1357,0.5998252034187317,0.8250964879989624
1358,0.5834315419197083,0.800467848777771
1359,0.5281326174736023,0.9842122793197632
1360,0.454845666885376,0.9594659805297852
1361,0.3975558578968048,1.0389238595962524
1362,0.39967799186706543,0.9707485437393188
1363,0.3906339108943939,0.9096574783325195
1364,0.48726600408554077,0.8175621032714844
1365,0.5365966558456421,0.8442896008491516
1366,0.4810403883457184,0.8496019244194031
1367,0.4968281686306,0.8134273290634155
1368,0.4542621672153473,0.795891523361206
1369,0.4997904896736145,0.9259985089302063
1370,0.5069108605384827,0.805574893951416
1371,0.4314797520637512,0.7703178524971008
1372,0.4409703314304352,0.9283884763717651
1373,0.4300510287284851,0.8586053848266602
1374,0.4624687135219574,0.8448927998542786
1375,0.5043582320213318,1.038755178451538
1376,0.47291693091392517,0.838060200214386
1377,0.47704315185546875,0.8269159197807312
1378,0.4763241708278656,0.8221403360366821
1379,0.4201335906982422,0.9539542198181152
1380,0.44016963243484497,0.8968145251274109
1381,0.49063414335250854,0.9713051915168762
1382,0.5799285769462585,0.8807547688484192
1383,0.5639520883560181,0.8479195833206177
1384,0.5116902589797974,0.7736082077026367
1385,0.5007823705673218,0.8648918271064758
1386,0.49643898010253906,0.8418196439743042
1387,0.5065410733222961,0.8414450883865356
1388,0.4683447778224945,0.803867518901825
1389,0.5153799057006836,0.8533647656440735
1390,0.5654008984565735,0.8509896397590637
1391,0.5055077075958252,0.8328559994697571
1392,0.48136457800865173,0.8629363775253296
1393,0.5315614938735962,0.77057945728302
1394,0.4561404585838318,0.8753795623779297
1395,0.46572867035865784,0.8955203294754028
1396,0.519262433052063,0.8995243310928345
1397,0.5979820489883423,0.8496872782707214
1398,0.555881917476654,0.8455712199211121
1399,0.5413138270378113,0.8571599125862122
1400,0.5102982521057129,0.7938312888145447
1401,0.5018734931945801,0.8272210955619812
1402,0.5172610878944397,0.7802489995956421
1403,0.5172387361526489,0.8185456991195679
1404,0.5142630338668823,0.8195933103561401
1405,0.4952712953090668,0.8485506176948547
1406,0.5286176800727844,0.7852933406829834
1407,0.5854817628860474,0.8585519790649414
1408,0.5537208318710327,0.8504117727279663
1409,0.5532392263412476,0.7864915728569031
1410,0.5619364976882935,0.8837014436721802
1411,0.5902351140975952,0.787381649017334
1412,0.4956889748573303,0.8848426938056946
1413,0.5424442887306213,0.7706412672996521
1414,0.5854852795600891,0.7232891321182251
1415,0.6016379594802856,0.7646213173866272
1416,0.5868489146232605,0.7614985108375549
1417,0.6451553106307983,0.7382110357284546
1418,0.6916139125823975,0.7551126480102539
1419,0.6118232011795044,0.8253408670425415
1420,0.6570714712142944,0.7878812551498413
1421,0.6561398506164551,0.7688849568367004
1422,0.603229284286499,0.8988479375839233
1423,0.6311415433883667,0.7433676719665527
1424,0.6511244177818298,0.763635516166687
1425,0.725040078163147,0.7047553062438965
1426,0.662718653678894,0.7850414514541626
1427,0.6412876844406128,0.8387726545333862
1428,0.6381877064704895,0.7080779075622559
1429,0.6767050623893738,0.6814653873443604
1430,0.6605709791183472,0.8012661933898926
1431,0.6686127781867981,0.7523554563522339
1432,0.6413186192512512,0.7697742581367493
1433,0.6445582509040833,0.8297322988510132
1434,0.6014009714126587,0.8798934817314148
1435,0.6223897933959961,0.7552495002746582
